Feature,Coefficient,Abs_Coefficient,state
Intercept,-0.026158192200255122,0.026158192200255122,NY
loan_term,-0.005098738073939548,0.005098738073939548,NY
interest_rate,13.791238657392677,13.791238657392677,NY
income_log,0.35195359326440234,0.35195359326440234,NY
loan_amount_log,-0.46215996617092187,0.46215996617092187,NY
property_value_log,0.2839657368959351,0.2839657368959351,NY
loan_to_value,-0.2777351285501054,0.2777351285501054,NY
debt_to_income,-2.396667900859905e-05,2.396667900859905e-05,NY
race_ethnicity_African American,-0.0913463381214384,0.0913463381214384,NY
race_ethnicity_Asian,0.016682007183370384,0.016682007183370384,NY
race_ethnicity_Hispanic or Latino,-0.11104097655006367,0.11104097655006367,NY
race_ethnicity_Joint,-0.009387979111348005,0.009387979111348005,NY
race_ethnicity_Missing,0.046830732293645795,0.046830732293645795,NY
race_ethnicity_Native American,-0.0141306400735654,0.0141306400735654,NY
race_ethnicity_Other,-0.029502833350386736,0.029502833350386736,NY
race_ethnicity_Pacific Islander,-0.0037564467045506393,0.0037564467045506393,NY
occupancy_type_Investment,-0.0690778944821176,0.0690778944821176,NY
occupancy_type_Second Residence,-0.04156889272554147,0.04156889272554147,NY
derived_sex_Female,-0.061568685643235845,0.061568685643235845,NY
derived_sex_Joint,0.1489625473750333,0.1489625473750333,NY
derived_sex_Missing,0.06579750391550473,0.06579750391550473,NY
applicant_age_-99,0.17369047521105752,0.17369047521105752,NY
applicant_age_35-44,-0.02159225783467576,0.02159225783467576,NY
applicant_age_45-54,-0.15392723109637507,0.15392723109637507,NY
applicant_age_55-64,-0.12353688088068566,0.12353688088068566,NY
applicant_age_65-74,-0.03708320417926897,0.03708320417926897,NY
applicant_age_<25,-0.04747863047028992,0.04747863047028992,NY
applicant_age_>74,-0.01750356205303057,0.01750356205303057,NY
county_code_09003,0.0,0.0,NY
county_code_12115,0.0,0.0,NY
county_code_21211,7.108044978205008e-05,7.108044978205008e-05,NY
county_code_34005,-5.939370427316185e-05,5.939370427316185e-05,NY
county_code_34017,4.9700177111519436e-06,4.9700177111519436e-06,NY
county_code_34025,1.024567203000719e-05,1.024567203000719e-05,NY
county_code_34039,-0.00014276693482075814,0.00014276693482075814,NY
county_code_36001,0.041235207904335616,0.041235207904335616,NY
county_code_36003,-0.009151546841376524,0.009151546841376524,NY
county_code_36005,-0.0345250678447787,0.0345250678447787,NY
county_code_36007,-0.0009429395657574934,0.0009429395657574934,NY
county_code_36009,-0.01489535148308092,0.01489535148308092,NY
county_code_36011,-0.004050859427553724,0.004050859427553724,NY
county_code_36013,-0.013882551686788196,0.013882551686788196,NY
county_code_36015,-0.00577025450165451,0.00577025450165451,NY
county_code_36017,-0.013651090386400635,0.013651090386400635,NY
county_code_36019,-0.012596403831240553,0.012596403831240553,NY
county_code_36021,-0.0016435015609166535,0.0016435015609166535,NY
county_code_36023,-0.002961782083701462,0.002961782083701462,NY
county_code_36025,-0.01242200322350215,0.01242200322350215,NY
county_code_36027,-0.0015364447211634116,0.0015364447211634116,NY
county_code_36029,0.08397762934114161,0.08397762934114161,NY
county_code_36031,-0.0007780292346854966,0.0007780292346854966,NY
county_code_36033,-0.008136799097757587,0.008136799097757587,NY
county_code_36035,-0.003975097731796252,0.003975097731796252,NY
county_code_36037,0.0032534737695586674,0.0032534737695586674,NY
county_code_36039,-0.0004173501186221498,0.0004173501186221498,NY
county_code_36041,-0.0014429451929371968,0.0014429451929371968,NY
county_code_36043,-0.009457055353788067,0.009457055353788067,NY
county_code_36045,-0.0018865414771381686,0.0018865414771381686,NY
county_code_36047,-0.10752772789042402,0.10752772789042402,NY
county_code_36049,-0.0018285937068348258,0.0018285937068348258,NY
county_code_36051,0.00469403567078415,0.00469403567078415,NY
county_code_36053,-0.0043048799058306424,0.0043048799058306424,NY
county_code_36055,0.18490078374735783,0.18490078374735783,NY
county_code_36057,-0.0040301366642075615,0.0040301366642075615,NY
county_code_36059,0.016335520934742977,0.016335520934742977,NY
county_code_36061,-0.07435361116150152,0.07435361116150152,NY
county_code_36063,0.002493266500803274,0.002493266500803274,NY
county_code_36065,-0.020370763209046724,0.020370763209046724,NY
county_code_36067,0.028489896496767367,0.028489896496767367,NY
county_code_36069,0.00811330607993516,0.00811330607993516,NY
county_code_36071,-0.005664009594712173,0.005664009594712173,NY
county_code_36073,0.00011329918083113812,0.00011329918083113812,NY
county_code_36075,-0.0225715553974244,0.0225715553974244,NY
county_code_36077,-0.018296582145094453,0.018296582145094453,NY
county_code_36079,0.005805664922756228,0.005805664922756228,NY
county_code_36081,-0.0211815015744798,0.0211815015744798,NY
county_code_36083,0.01426828232278839,0.01426828232278839,NY
county_code_36085,0.012627745666354752,0.012627745666354752,NY
county_code_36087,0.016221240754883987,0.016221240754883987,NY
county_code_36089,-0.016065553170733174,0.016065553170733174,NY
county_code_36091,-0.011152393849272175,0.011152393849272175,NY
county_code_36093,0.012763525072390891,0.012763525072390891,NY
county_code_36095,-0.0038669755471214813,0.0038669755471214813,NY
county_code_36097,-0.0038354758885788005,0.0038354758885788005,NY
county_code_36099,-0.004576049292725428,0.004576049292725428,NY
county_code_36101,-0.009686895951567076,0.009686895951567076,NY
county_code_36103,0.10687645077739946,0.10687645077739946,NY
county_code_36105,-0.023430208941343077,0.023430208941343077,NY
county_code_36107,-0.011017419476062613,0.011017419476062613,NY
county_code_36109,2.9518885764161316e-05,2.9518885764161316e-05,NY
county_code_36111,-0.011613494243166137,0.011613494243166137,NY
county_code_36113,0.005403010271615579,0.005403010271615579,NY
county_code_36115,-0.0021778815224017603,0.0021778815224017603,NY
county_code_36117,0.007999110955746572,0.007999110955746572,NY
county_code_36119,0.018224861089142334,0.018224861089142334,NY
county_code_36121,-0.0020811232403853217,0.0020811232403853217,NY
county_code_36123,0.005102052164839665,0.005102052164839665,NY
county_code_42015,4.913726423242254e-06,4.913726423242254e-06,NY
county_code_42077,5.319642211362865e-06,5.319642211362865e-06,NY
county_code_42115,9.901858544619782e-06,9.901858544619782e-06,NY
county_code_48201,4.915530071534871e-06,4.915530071534871e-06,NY
county_code_51760,0.0,0.0,NY
county_code_53033,0.0,0.0,NY
county_code_NA,-0.07110152862675187,0.07110152862675187,NY
Intercept,0.025981327464201724,0.025981327464201724,WA
loan_term,0.006486547526037012,0.006486547526037012,WA
interest_rate,14.57746089807184,14.57746089807184,WA
income_log,0.708583615044005,0.708583615044005,WA
loan_amount_log,-1.5853731168100267,1.5853731168100267,WA
property_value_log,0.9064084178680647,0.9064084178680647,WA
loan_to_value,-0.1969270176001135,0.1969270176001135,WA
debt_to_income,-4.011486834340379e-05,4.011486834340379e-05,WA
race_ethnicity_African American,-0.07417332008131593,0.07417332008131593,WA
race_ethnicity_Asian,-0.1323526675390321,0.1323526675390321,WA
race_ethnicity_Hispanic or Latino,-0.12765586070301177,0.12765586070301177,WA
race_ethnicity_Joint,-0.008683349343270922,0.008683349343270922,WA
race_ethnicity_Missing,0.09243597548639289,0.09243597548639289,WA
race_ethnicity_Native American,-0.0026332002524295916,0.0026332002524295916,WA
race_ethnicity_Other,-0.007329778560975314,0.007329778560975314,WA
race_ethnicity_Pacific Islander,-0.004288541737955616,0.004288541737955616,WA
occupancy_type_Investment,-0.13895076466680795,0.13895076466680795,WA
occupancy_type_Second Residence,-0.0829660310248383,0.0829660310248383,WA
derived_sex_Female,0.009383640972533911,0.009383640972533911,WA
derived_sex_Joint,0.04109760582155039,0.04109760582155039,WA
derived_sex_Missing,0.07103531458135956,0.07103531458135956,WA
applicant_age_-99,0.06520837454206121,0.06520837454206121,WA
applicant_age_35-44,-0.0918943505844978,0.0918943505844978,WA
applicant_age_45-54,-0.17423244664839826,0.17423244664839826,WA
applicant_age_55-64,-0.1445738612193169,0.1445738612193169,WA
applicant_age_65-74,-0.04763748485041415,0.04763748485041415,WA
applicant_age_<25,0.03399159589032656,0.03399159589032656,WA
applicant_age_>74,-0.018832654740974102,0.018832654740974102,WA
county_code_01021,0.0,0.0,WA
county_code_04013,-0.00016843575531677612,0.00016843575531677612,WA
county_code_06019,0.0,0.0,WA
county_code_13185,0.0,0.0,WA
county_code_16009,0.0,0.0,WA
county_code_16017,-0.00012595317158903721,0.00012595317158903721,WA
county_code_16021,0.0007721312661248866,0.0007721312661248866,WA
county_code_16055,0.000712013368546846,0.000712013368546846,WA
county_code_21203,-0.00014731385739511827,0.00014731385739511827,WA
county_code_30043,0.0,0.0,WA
county_code_30081,0.0,0.0,WA
county_code_30093,0.0,0.0,WA
county_code_32003,6.1644204892318176e-06,6.1644204892318176e-06,WA
county_code_41067,-0.00010003410001853834,0.00010003410001853834,WA
county_code_53001,0.001450030847894899,0.001450030847894899,WA
county_code_53003,0.000840299288577345,0.000840299288577345,WA
county_code_53005,0.05004728957290815,0.05004728957290815,WA
county_code_53007,-0.018278939019211158,0.018278939019211158,WA
county_code_53009,-0.00281552135625515,0.00281552135625515,WA
county_code_53011,0.04595916554308828,0.04595916554308828,WA
county_code_53013,-0.0007212271717648706,0.0007212271717648706,WA
county_code_53015,0.03278955885163602,0.03278955885163602,WA
county_code_53017,-0.004592918806876721,0.004592918806876721,WA
county_code_53019,-0.0031962071238859405,0.0031962071238859405,WA
county_code_53021,0.04479393575692499,0.04479393575692499,WA
county_code_53023,-0.001339603123354266,0.001339603123354266,WA
county_code_53025,0.004673816428672467,0.004673816428672467,WA
county_code_53027,0.003175350496372877,0.003175350496372877,WA
county_code_53029,0.011571366540871202,0.011571366540871202,WA
county_code_53031,-0.002834722843506156,0.002834722843506156,WA
county_code_53033,-0.05610609457212737,0.05610609457212737,WA
county_code_53035,0.024218372749844685,0.024218372749844685,WA
county_code_53037,-0.012224997118397987,0.012224997118397987,WA
county_code_53039,-0.005701498705495901,0.005701498705495901,WA
county_code_53041,0.0032643409779914995,0.0032643409779914995,WA
county_code_53043,-0.0020741202653439938,0.0020741202653439938,WA
county_code_53045,0.006354489408265529,0.006354489408265529,WA
county_code_53047,-0.011693932427800043,0.011693932427800043,WA
county_code_53049,-0.006013032530362261,0.006013032530362261,WA
county_code_53051,-0.006991600467671187,0.006991600467671187,WA
county_code_53053,0.09564298028407203,0.09564298028407203,WA
county_code_53055,-0.010691690538771404,0.010691690538771404,WA
county_code_53057,-0.0015168519670849966,0.0015168519670849966,WA
county_code_53059,-0.0019521310255470395,0.0019521310255470395,WA
county_code_53061,0.07945666729502503,0.07945666729502503,WA
county_code_53063,-0.014016681705929908,0.014016681705929908,WA
county_code_53065,-0.014779155226201733,0.014779155226201733,WA
county_code_53067,0.035638604349172674,0.035638604349172674,WA
county_code_53069,-0.00144747701677469,0.00144747701677469,WA
county_code_53071,-0.004136139985917549,0.004136139985917549,WA
county_code_53073,0.016437459052169607,0.016437459052169607,WA
county_code_53075,-0.005063152245317089,0.005063152245317089,WA
county_code_53077,0.0006816715333433495,0.0006816715333433495,WA
county_code_55027,3.134834217451924e-05,3.134834217451924e-05,WA
county_code_NA,-0.24353347704231626,0.24353347704231626,WA
Intercept,-0.05021739643837134,0.05021739643837134,TX
loan_term,0.0008074490013163879,0.0008074490013163879,TX
interest_rate,16.71806790809124,16.71806790809124,TX
income_log,0.3536369669087403,0.3536369669087403,TX
loan_amount_log,-1.7215671948397357,1.7215671948397357,TX
property_value_log,1.3057431706742775,1.3057431706742775,TX
loan_to_value,-1.1097183920210443,1.1097183920210443,TX
debt_to_income,6.7150150883371316e-06,6.7150150883371316e-06,TX
race_ethnicity_African American,-0.12369135776537571,0.12369135776537571,TX
race_ethnicity_Asian,0.011424543206113054,0.011424543206113054,TX
race_ethnicity_Hispanic or Latino,-0.10552609239457847,0.10552609239457847,TX
race_ethnicity_Joint,-0.03707667474911908,0.03707667474911908,TX
race_ethnicity_Missing,0.0467796929026526,0.0467796929026526,TX
race_ethnicity_Native American,-0.007377995307151805,0.007377995307151805,TX
race_ethnicity_Other,-0.017759134115057473,0.017759134115057473,TX
race_ethnicity_Pacific Islander,-0.0004217011720302514,0.0004217011720302514,TX
occupancy_type_Investment,-0.03731587297414751,0.03731587297414751,TX
occupancy_type_Second Residence,-0.05242684251368298,0.05242684251368298,TX
derived_sex_Female,0.07903093377858292,0.07903093377858292,TX
derived_sex_Joint,-0.08727448586268448,0.08727448586268448,TX
derived_sex_Missing,0.040910023612046126,0.040910023612046126,TX
applicant_age_-99,0.07992992257731903,0.07992992257731903,TX
applicant_age_35-44,-0.0674001953986594,0.0674001953986594,TX
applicant_age_45-54,-0.15304946503625613,0.15304946503625613,TX
applicant_age_55-64,-0.0841255777969383,0.0841255777969383,TX
applicant_age_65-74,-0.017156066294841888,0.017156066294841888,TX
applicant_age_<25,-0.04324007222532026,0.04324007222532026,TX
applicant_age_>74,-0.0052339181074997,0.0052339181074997,TX
county_code_01045,2.7893712077003783e-06,2.7893712077003783e-06,TX
county_code_01073,0.0,0.0,TX
county_code_01083,3.3596526515914358e-06,3.3596526515914358e-06,TX
county_code_01089,2.6178648921460984e-06,2.6178648921460984e-06,TX
county_code_01117,3.894961389951448e-06,3.894961389951448e-06,TX
county_code_01127,2.502255508626801e-06,2.502255508626801e-06,TX
county_code_04013,-3.916083644220931e-05,3.916083644220931e-05,TX
county_code_05053,-1.6777050473848732e-05,1.6777050473848732e-05,TX
county_code_05059,1.8667486341449899e-06,1.8667486341449899e-06,TX
county_code_05091,2.0496769383806532e-06,2.0496769383806532e-06,TX
county_code_05115,2.0868704759874245e-06,2.0868704759874245e-06,TX
county_code_06019,2.1117555207430155e-06,2.1117555207430155e-06,TX
county_code_06067,1.9909980298831195e-06,1.9909980298831195e-06,TX
county_code_08035,1.6253241792522609e-06,1.6253241792522609e-06,TX
county_code_08043,0.0,0.0,TX
county_code_08051,1.836993126838963e-06,1.836993126838963e-06,TX
county_code_08123,0.0,0.0,TX
county_code_09005,0.0,0.0,TX
county_code_12019,0.0,0.0,TX
county_code_12057,2.2539024719516736e-06,2.2539024719516736e-06,TX
county_code_12099,1.6760861751066248e-06,1.6760861751066248e-06,TX
county_code_12101,1.8295632999320873e-06,1.8295632999320873e-06,TX
county_code_13261,-1.7373949689389247e-05,1.7373949689389247e-05,TX
county_code_13311,-1.703738383753327e-05,1.703738383753327e-05,TX
county_code_25021,0.0,0.0,TX
county_code_28141,-2.1015766914254725e-05,2.1015766914254725e-05,TX
county_code_34029,0.0,0.0,TX
county_code_34035,0.0,0.0,TX
county_code_35013,-1.459817117111738e-05,1.459817117111738e-05,TX
county_code_38105,1.7878646862857056e-06,1.7878646862857056e-06,TX
county_code_39079,1.9100301005252738e-06,1.9100301005252738e-06,TX
county_code_39105,2.1347960075592305e-06,2.1347960075592305e-06,TX
county_code_40019,-3.349125084286332e-05,3.349125084286332e-05,TX
county_code_40143,4.573487382338129e-06,4.573487382338129e-06,TX
county_code_42041,2.0903444431057746e-06,2.0903444431057746e-06,TX
county_code_47125,0.0,0.0,TX
county_code_48001,-0.01247012043583612,0.01247012043583612,TX
county_code_48003,-0.004121242440425882,0.004121242440425882,TX
county_code_48005,-0.01578014866272458,0.01578014866272458,TX
county_code_48007,-0.0033052120265816554,0.0033052120265816554,TX
county_code_48009,2.770229812343631e-05,2.770229812343631e-05,TX
county_code_48011,-9.764397201877471e-05,9.764397201877471e-05,TX
county_code_48013,-0.020905037536231432,0.020905037536231432,TX
county_code_48015,-0.007427127476367259,0.007427127476367259,TX
county_code_48017,-0.0001914096665974199,0.0001914096665974199,TX
county_code_48019,-0.0031817985488645606,0.0031817985488645606,TX
county_code_48021,-0.020801932691716832,0.020801932691716832,TX
county_code_48023,-9.818747119705967e-05,9.818747119705967e-05,TX
county_code_48025,-0.0011509574323817172,0.0011509574323817172,TX
county_code_48027,0.03723772859693435,0.03723772859693435,TX
county_code_48029,0.12325389989144697,0.12325389989144697,TX
county_code_48031,-0.0004196117515042078,0.0004196117515042078,TX
county_code_48033,-6.003038828993856e-05,6.003038828993856e-05,TX
county_code_48035,-0.0014838579252096505,0.0014838579252096505,TX
county_code_48037,-0.008399044603170973,0.008399044603170973,TX
county_code_48039,0.000515739524046793,0.000515739524046793,TX
county_code_48041,-0.0025384870746099843,0.0025384870746099843,TX
county_code_48043,-0.00047554964542909724,0.00047554964542909724,TX
county_code_48045,-0.00022186222053204206,0.00022186222053204206,TX
county_code_48047,-0.00022084618167294732,0.00022084618167294732,TX
county_code_48049,-0.0028133692965137264,0.0028133692965137264,TX
county_code_48051,-0.0069512957304316645,0.0069512957304316645,TX
county_code_48053,-0.002593186208164052,0.002593186208164052,TX
county_code_48055,-0.011592827609427274,0.011592827609427274,TX
county_code_48057,-0.002072101414009198,0.002072101414009198,TX
county_code_48059,-0.0021372360857296524,0.0021372360857296524,TX
county_code_48061,0.007900394866135968,0.007900394866135968,TX
county_code_48063,-0.0005400908476991572,0.0005400908476991572,TX
county_code_48065,-0.00036333602630031367,0.00036333602630031367,TX
county_code_48067,-0.007787237417571485,0.007787237417571485,TX
county_code_48069,-0.0009632935676030279,0.0009632935676030279,TX
county_code_48071,-0.004265311933466447,0.004265311933466447,TX
county_code_48073,-0.012779451984637964,0.012779451984637964,TX
county_code_48075,-0.000604570687324443,0.000604570687324443,TX
county_code_48077,0.00017505786404485327,0.00017505786404485327,TX
county_code_48079,-0.00047689469895767386,0.00047689469895767386,TX
county_code_48081,-0.0008620064676539734,0.0008620064676539734,TX
county_code_48083,-0.0009665949416861011,0.0009665949416861011,TX
county_code_48085,0.06292613811066908,0.06292613811066908,TX
county_code_48087,-0.00032560170819093793,0.00032560170819093793,TX
county_code_48089,-0.003589487158234403,0.003589487158234403,TX
county_code_48091,0.0009069668263756589,0.0009069668263756589,TX
county_code_48093,-0.000664061762254649,0.000664061762254649,TX
county_code_48095,-0.0006519455672405377,0.0006519455672405377,TX
county_code_48097,-0.0007059010500594137,0.0007059010500594137,TX
county_code_48099,0.0022440337922442657,0.0022440337922442657,TX
county_code_48101,-0.0001992124478335757,0.0001992124478335757,TX
county_code_48103,-0.0013152747888044408,0.0013152747888044408,TX
county_code_48105,-0.0003281461930064973,0.0003281461930064973,TX
county_code_48107,-0.00023176486187014437,0.00023176486187014437,TX
county_code_48109,-0.0010462822082300573,0.0010462822082300573,TX
county_code_48111,-0.0013414353828632131,0.0013414353828632131,TX
county_code_48113,0.09963644425024656,0.09963644425024656,TX
county_code_48115,-0.0005585693991464678,0.0005585693991464678,TX
county_code_48117,-0.0003288254951117346,0.0003288254951117346,TX
county_code_48119,-0.0006418825091471291,0.0006418825091471291,TX
county_code_48121,0.05542486955856221,0.05542486955856221,TX
county_code_48123,-0.002064750377773613,0.002064750377773613,TX
county_code_48125,-0.0003504103374780478,0.0003504103374780478,TX
county_code_48127,-0.00101957107643865,0.00101957107643865,TX
county_code_48129,-0.0004066879001338481,0.0004066879001338481,TX
county_code_48131,-0.001700472623722461,0.001700472623722461,TX
county_code_48133,-0.00196419261517222,0.00196419261517222,TX
county_code_48135,-0.054042716908890925,0.054042716908890925,TX
county_code_48137,-0.00043262367182408105,0.00043262367182408105,TX
county_code_48139,0.008110299041447288,0.008110299041447288,TX
county_code_48141,0.047116353578316714,0.047116353578316714,TX
county_code_48143,0.0007338790964148188,0.0007338790964148188,TX
county_code_48145,-0.0019277047937301442,0.0019277047937301442,TX
county_code_48147,-0.0016429656059441585,0.0016429656059441585,TX
county_code_48149,-0.004234429224388676,0.004234429224388676,TX
county_code_48151,-0.0004083486075430601,0.0004083486075430601,TX
county_code_48153,-0.0004149701696996084,0.0004149701696996084,TX
county_code_48155,-0.0001259402996756958,0.0001259402996756958,TX
county_code_48157,0.03120234955287283,0.03120234955287283,TX
county_code_48159,-0.0006203597561923805,0.0006203597561923805,TX
county_code_48161,-0.005186405759948387,0.005186405759948387,TX
county_code_48163,-0.0048236765455728844,0.0048236765455728844,TX
county_code_48165,-0.005261426219896479,0.005261426219896479,TX
county_code_48167,0.013595328931254423,0.013595328931254423,TX
county_code_48169,-0.0010672211961128579,0.0010672211961128579,TX
county_code_48171,-0.0020311457385749658,0.0020311457385749658,TX
county_code_48173,-0.00035636866404427554,0.00035636866404427554,TX
county_code_48175,-0.001162828397282813,0.001162828397282813,TX
county_code_48177,-0.005181704841523662,0.005181704841523662,TX
county_code_48179,-0.00016836955179741072,0.00016836955179741072,TX
county_code_48181,0.00245686920935956,0.00245686920935956,TX
county_code_48183,-0.000822521088032735,0.000822521088032735,TX
county_code_48185,-0.007475233770231369,0.007475233770231369,TX
county_code_48187,0.0071074356325414164,0.0071074356325414164,TX
county_code_48189,9.066765118925747e-05,9.066765118925747e-05,TX
county_code_48191,0.00012915348126206589,0.00012915348126206589,TX
county_code_48193,-0.0004883815567015903,0.0004883815567015903,TX
county_code_48195,-0.00021082021216179499,0.00021082021216179499,TX
county_code_48197,-0.0003537168068884485,0.0003537168068884485,TX
county_code_48199,-0.016567820627816365,0.016567820627816365,TX
county_code_48201,0.1267470794930766,0.1267470794930766,TX
county_code_48203,-0.010963056465431182,0.010963056465431182,TX
county_code_48205,4.828877794090158e-05,4.828877794090158e-05,TX
county_code_48207,-0.00033790658697522267,0.00033790658697522267,TX
county_code_48209,0.0038658766962812357,0.0038658766962812357,TX
county_code_48211,-1.5999564151006208e-05,1.5999564151006208e-05,TX
county_code_48213,-0.01822746605885634,0.01822746605885634,TX
county_code_48215,-0.011030706592567689,0.011030706592567689,TX
county_code_48217,-0.00556087542091647,0.00556087542091647,TX
county_code_48219,-0.005096229679720153,0.005096229679720153,TX
county_code_48221,0.001053654947603182,0.001053654947603182,TX
county_code_48223,-0.0026032670534301095,0.0026032670534301095,TX
county_code_48225,-0.005122515976370015,0.005122515976370015,TX
county_code_48227,0.002005919923115416,0.002005919923115416,TX
county_code_48229,-0.0015417465062960165,0.0015417465062960165,TX
county_code_48231,-0.00379270183025402,0.00379270183025402,TX
county_code_48233,-0.0006091536608430744,0.0006091536608430744,TX
county_code_48235,-0.00024275827593046135,0.00024275827593046135,TX
county_code_48237,-0.00089659690765483,0.00089659690765483,TX
county_code_48239,-0.0017974007078562881,0.0017974007078562881,TX
county_code_48241,-0.011825747478640439,0.011825747478640439,TX
county_code_48243,-0.00043267457329871706,0.00043267457329871706,TX
county_code_48245,0.0003868353253952548,0.0003868353253952548,TX
county_code_48247,-0.0005397958593754776,0.0005397958593754776,TX
county_code_48249,-0.0033851081719180384,0.0033851081719180384,TX
county_code_48251,0.0026051014352072846,0.0026051014352072846,TX
county_code_48253,-0.0038644604602785116,0.0038644604602785116,TX
county_code_48255,-0.0025378971116729807,0.0025378971116729807,TX
county_code_48257,0.0027584906261438774,0.0027584906261438774,TX
county_code_48259,0.0025731519198534765,0.0025731519198534765,TX
county_code_48261,-0.0001517191717301801,0.0001517191717301801,TX
county_code_48263,-0.0002792646816967633,0.0002792646816967633,TX
county_code_48265,-0.001636959200276863,0.001636959200276863,TX
county_code_48267,-0.0005057662959311711,0.0005057662959311711,TX
county_code_48269,-0.00022064738370331934,0.00022064738370331934,TX
county_code_48271,-0.0004529501911786698,0.0004529501911786698,TX
county_code_48273,0.0008872657309001198,0.0008872657309001198,TX
county_code_48275,-0.00012447227224948628,0.00012447227224948628,TX
county_code_48277,-0.0007400082187776797,0.0007400082187776797,TX
county_code_48279,-0.0013327702169140037,0.0013327702169140037,TX
county_code_48281,-0.0006691607953911077,0.0006691607953911077,TX
county_code_48283,-0.0012126771278687838,0.0012126771278687838,TX
county_code_48285,-0.0030622343646923966,0.0030622343646923966,TX
county_code_48287,-0.003062837515630727,0.003062837515630727,TX
county_code_48289,-0.004460505530473968,0.004460505530473968,TX
county_code_48291,-0.05984515647783893,0.05984515647783893,TX
county_code_48293,-0.0043376900584493495,0.0043376900584493495,TX
county_code_48295,-9.709753230759424e-05,9.709753230759424e-05,TX
county_code_48297,-0.001241749131272037,0.001241749131272037,TX
county_code_48299,-0.0006037406205759184,0.0006037406205759184,TX
county_code_48301,-8.137039304956913e-05,8.137039304956913e-05,TX
county_code_48303,0.01893930205538144,0.01893930205538144,TX
county_code_48305,-0.0008815822841658316,0.0008815822841658316,TX
county_code_48307,-0.00046540325258628975,0.00046540325258628975,TX
county_code_48309,0.009149567445182508,0.009149567445182508,TX
county_code_48311,-0.00010939445587832247,0.00010939445587832247,TX
county_code_48313,-0.003533109528696603,0.003533109528696603,TX
county_code_48315,-0.002611312143545603,0.002611312143545603,TX
county_code_48317,-0.0022777294885537227,0.0022777294885537227,TX
county_code_48319,-0.0001452747048882928,0.0001452747048882928,TX
county_code_48321,-0.0019303996157100508,0.0019303996157100508,TX
county_code_48323,0.001068052110266362,0.001068052110266362,TX
county_code_48325,-0.009716667522489512,0.009716667522489512,TX
county_code_48327,-0.0004088150924400157,0.0004088150924400157,TX
county_code_48329,-0.01970200610154208,0.01970200610154208,TX
county_code_48331,-0.0031597426000751056,0.0031597426000751056,TX
county_code_48333,-0.00016651400255251664,0.00016651400255251664,TX
county_code_48335,-0.0012280828046702477,0.0012280828046702477,TX
county_code_48337,-0.0016236232994270735,0.0016236232994270735,TX
county_code_48339,-0.017833872442375703,0.017833872442375703,TX
county_code_48341,-0.0005807396634908217,0.0005807396634908217,TX
county_code_48343,-0.0012075827639892482,0.0012075827639892482,TX
county_code_48345,-0.00019292188192656745,0.00019292188192656745,TX
county_code_48347,-0.007425827271068413,0.007425827271068413,TX
county_code_48349,-0.01182393851865782,0.01182393851865782,TX
county_code_48351,-0.005792371550428364,0.005792371550428364,TX
county_code_48353,-0.0015634111535499909,0.0015634111535499909,TX
county_code_48355,0.022187215592045614,0.022187215592045614,TX
county_code_48357,0.0001901948643766618,0.0001901948643766618,TX
county_code_48359,-0.00032624717697022493,0.00032624717697022493,TX
county_code_48361,-0.011989133554637642,0.011989133554637642,TX
county_code_48363,-0.0011382900251358683,0.0011382900251358683,TX
county_code_48365,-0.006014960923741502,0.006014960923741502,TX
county_code_48367,0.0016039232024930119,0.0016039232024930119,TX
county_code_48369,7.614048139316237e-05,7.614048139316237e-05,TX
county_code_48371,-0.0038508376842466036,0.0038508376842466036,TX
county_code_48373,-0.013182593012997549,0.013182593012997549,TX
county_code_48375,-0.00544187240885567,0.00544187240885567,TX
county_code_48377,-0.0005969528076335407,0.0005969528076335407,TX
county_code_48379,-0.0017158041033330873,0.0017158041033330873,TX
county_code_48381,0.013101726290514459,0.013101726290514459,TX
county_code_48383,-0.000982114883011373,0.000982114883011373,TX
county_code_48385,-0.0007783092251199035,0.0007783092251199035,TX
county_code_48387,-0.0014080490811446379,0.0014080490811446379,TX
county_code_48389,-0.003905080895112172,0.003905080895112172,TX
county_code_48391,-0.0010495962787743954,0.0010495962787743954,TX
county_code_48393,-0.00015909638180361402,0.00015909638180361402,TX
county_code_48395,-0.004858092957404166,0.004858092957404166,TX
county_code_48397,0.011470742965926695,0.011470742965926695,TX
county_code_48399,-0.0003646543424225453,0.0003646543424225453,TX
county_code_48401,-0.007761326248792832,0.007761326248792832,TX
county_code_48403,-0.0037892338832392703,0.0037892338832392703,TX
county_code_48405,-0.002934461503422608,0.002934461503422608,TX
county_code_48407,-0.010877487296061231,0.010877487296061231,TX
county_code_48409,-6.728269329326043e-05,6.728269329326043e-05,TX
county_code_48411,-0.00022074499829823307,0.00022074499829823307,TX
county_code_48413,-0.00023132860708028835,0.00023132860708028835,TX
county_code_48415,-0.0007441345236568414,0.0007441345236568414,TX
county_code_48417,-4.018924391103163e-05,4.018924391103163e-05,TX
county_code_48419,-0.006696320009240381,0.006696320009240381,TX
county_code_48421,3.806303283173256e-05,3.806303283173256e-05,TX
county_code_48423,-0.010699832587944757,0.010699832587944757,TX
county_code_48425,-0.0002254385948008654,0.0002254385948008654,TX
county_code_48427,-0.002197405221330211,0.002197405221330211,TX
county_code_48429,-0.0011174201251242342,0.0011174201251242342,TX
county_code_48431,-0.00042181219231973266,0.00042181219231973266,TX
county_code_48433,-3.654484943549857e-05,3.654484943549857e-05,TX
county_code_48435,-0.00013820183105038664,0.00013820183105038664,TX
county_code_48437,-7.760255507795093e-06,7.760255507795093e-06,TX
county_code_48439,0.13099497287148887,0.13099497287148887,TX
county_code_48441,0.004488091186413484,0.004488091186413484,TX
county_code_48443,-4.931609228470731e-05,4.931609228470731e-05,TX
county_code_48445,-0.0015859430950035088,0.0015859430950035088,TX
county_code_48447,-0.00027443379511732184,0.00027443379511732184,TX
county_code_48449,-0.00037641113656785533,0.00037641113656785533,TX
county_code_48451,0.004747802335970222,0.004747802335970222,TX
county_code_48453,0.027487792138976317,0.027487792138976317,TX
county_code_48455,-0.004637644456637464,0.004637644456637464,TX
county_code_48457,-0.00730826284168854,0.00730826284168854,TX
county_code_48459,-0.006924874567537294,0.006924874567537294,TX
county_code_48461,-0.0013952072341219765,0.0013952072341219765,TX
county_code_48463,-0.0007459700718376638,0.0007459700718376638,TX
county_code_48465,0.0014472887131958205,0.0014472887131958205,TX
county_code_48467,-0.011602844004994518,0.011602844004994518,TX
county_code_48469,-0.007953205443753482,0.007953205443753482,TX
county_code_48471,-0.009457305321430446,0.009457305321430446,TX
county_code_48473,-0.007853517750456803,0.007853517750456803,TX
county_code_48475,-0.003445572693318853,0.003445572693318853,TX
county_code_48477,-0.005177891383646331,0.005177891383646331,TX
county_code_48479,0.020053432526176924,0.020053432526176924,TX
county_code_48481,-0.0033294670782020755,0.0033294670782020755,TX
county_code_48483,-0.0004942408953095791,0.0004942408953095791,TX
county_code_48485,0.011436634841007334,0.011436634841007334,TX
county_code_48487,-0.0001410529917624407,0.0001410529917624407,TX
county_code_48489,-0.0013523051555175242,0.0013523051555175242,TX
county_code_48491,0.050867929164852346,0.050867929164852346,TX
county_code_48493,-0.005824509218509764,0.005824509218509764,TX
county_code_48495,-0.0021025825956738214,0.0021025825956738214,TX
county_code_48497,-0.006532338824054309,0.006532338824054309,TX
county_code_48499,-0.003155328355083797,0.003155328355083797,TX
county_code_48501,-0.001314114897733832,0.001314114897733832,TX
county_code_48503,-0.0012953134664341387,0.0012953134664341387,TX
county_code_48505,6.126859376966099e-05,6.126859376966099e-05,TX
county_code_48507,-0.0013391593854308202,0.0013391593854308202,TX
county_code_NA,-0.25708275576644884,0.25708275576644884,TX
